,ECR,R
0,0.9877142098546028,11.0
1,6.391512517929077,32.0
2,7.21511028289795,17.0
3,7.21511028289795,15.0
