,ECR,R
0,0.9404523658752442,15.0
1,6.551444110870361,8.0
2,7.205596537590027,10.0
3,7.205596537590027,65.0
