,ECR,R
0,0.9821665984392166,14.0
1,6.0792097043991085,89.0
2,7.0726772928237915,8.0
3,7.0726772928237915,10.0
